episode,total_reward,avg_energy_saved,avg_comfort_score,avg_wait_time,epsilon
1,-289.0,-5.37,0.733,0.1602,0.995
2,-334.5,-6.24,0.732,0.179,0.990025
3,-217.5,-3.903,0.792,0.1413,0.985075
4,-158.5,-3.516,0.729,0.112,0.98015
5,-243.5,-5.235,0.724,0.1328,0.975249
6,-270.0,-5.8305,0.733,0.1542,0.970373
7,-217.0,-3.6255,0.786,0.1303,0.965521
8,-304.0,-5.7345,0.702,0.1645,0.960693
9,-232.5,-4.95,0.785,0.1338,0.95589
10,-298.5,-6.021,0.787,0.1677,0.95111
11,-258.0,-5.7585,0.642,0.1425,0.946355
12,-287.0,-4.062,0.756,0.1573,0.941623
13,-250.5,-4.1055,0.786,0.149,0.936915
14,-231.5,-4.971,0.723,0.1297,0.93223
15,-257.5,-3.8595,0.825,0.1545,0.927569
16,-224.5,-4.9215,0.735,0.1298,0.922931
17,-196.5,-6.2955,0.722,0.1242,0.918316
18,-254.5,-5.754,0.655,0.1445,0.913725
19,-163.5,-4.356,0.726,0.1075,0.909156
20,-278.5,-5.4795,0.709,0.1608,0.90461
21,-225.0,-4.734,0.698,0.1353,0.900087
22,-254.5,-5.421,0.746,0.1475,0.895587
23,-310.0,-4.668,0.726,0.1725,0.891109
24,-252.0,-4.5435,0.772,0.1527,0.886654
25,-227.0,-5.3865,0.733,0.1315,0.88222
26,-202.5,-4.599,0.769,0.127,0.877809
27,-97.5,-3.1695,0.759,0.0842,0.87342
28,-208.0,-4.236,0.785,0.1298,0.869053
29,-280.0,-4.9785,0.745,0.1615,0.864708
30,-241.0,-4.926,0.703,0.1447,0.860384
31,-169.5,-4.1505,0.735,0.1208,0.856082
32,-228.0,-5.412,0.701,0.1318,0.851802
33,-240.0,-5.7435,0.703,0.1437,0.847543
34,-234.5,-5.3655,0.784,0.1445,0.843305
35,-105.0,-4.5555,0.798,0.0955,0.839089
36,-117.5,-0.8295,0.745,0.101,0.834893
37,-118.0,-1.221,0.828,0.1017,0.830719
38,-234.0,-4.4085,0.694,0.1415,0.826565
39,-165.5,-2.97,0.761,0.109,0.822432
40,-174.0,-3.7515,0.788,0.1153,0.81832
41,-220.0,-3.555,0.753,0.1297,0.814229
42,-96.5,-2.9355,0.8,0.0865,0.810157
43,-184.0,-4.9965,0.769,0.118,0.806107
44,-166.5,-2.6565,0.828,0.1242,0.802076
45,-223.5,-4.923,0.761,0.1375,0.798066
46,-212.0,-3.2715,0.763,0.1328,0.794075
47,-161.0,-3.732,0.785,0.1085,0.790105
48,-197.5,-4.464,0.754,0.1323,0.786154
49,-164.5,-3.357,0.788,0.118,0.782224
50,-110.5,-3.0975,0.829,0.1,0.778313
51,-125.5,-3.366,0.739,0.1033,0.774421
52,-178.5,-5.0655,0.718,0.1145,0.770549
53,-229.5,-4.761,0.77,0.1435,0.766696
54,-146.5,-2.6295,0.816,0.115,0.762863
55,-123.5,-3.0615,0.795,0.1035,0.759048
56,-233.5,-4.146,0.76,0.142,0.755253
57,-119.0,-1.9485,0.813,0.101,0.751477
58,-179.0,-3.204,0.703,0.1313,0.747719
59,-88.5,1.1865,0.872,0.087,0.743981
60,-170.5,-3.186,0.781,0.1175,0.740261
61,-190.5,-4.3005,0.733,0.128,0.73656
62,-166.5,-4.011,0.74,0.119,0.732877
63,-135.5,-1.5915,0.787,0.1018,0.729212
64,-156.0,-4.2285,0.714,0.1153,0.725566
65,-124.5,-3.8355,0.813,0.1052,0.721939
66,-54.5,-1.2045,0.879,0.0788,0.718329
67,-128.0,-2.865,0.765,0.104,0.714737
68,-148.0,-2.1915,0.785,0.1155,0.711164
69,-104.5,0.2055,0.803,0.1048,0.707608
70,-175.5,-5.46,0.737,0.1183,0.70407
71,-96.5,-1.938,0.845,0.0862,0.700549
72,-146.5,-0.378,0.84,0.11,0.697047
73,-129.5,-3.5685,0.791,0.1067,0.693561
74,-174.0,-3.7605,0.722,0.1265,0.690094
75,-78.0,-1.563,0.862,0.091,0.686643
76,-137.0,-3.012,0.798,0.1075,0.68321
77,-200.5,-6.327,0.739,0.1367,0.679794
78,-156.5,-1.356,0.875,0.1188,0.676395
79,-98.5,-1.827,0.856,0.1,0.673013
80,-123.0,-1.4895,0.84,0.1143,0.669648
81,-108.0,-1.788,0.892,0.095,0.6663
82,-162.5,-4.302,0.771,0.1163,0.662968
83,-103.5,-1.485,0.823,0.0907,0.659653
84,-127.0,-2.3565,0.849,0.1047,0.656355
85,-113.5,-1.992,0.816,0.1035,0.653073
86,-80.5,-3.2145,0.824,0.0868,0.649808
87,-69.5,-2.712,0.821,0.0778,0.646559
88,-94.0,0.6555,0.861,0.094,0.643326
89,-138.0,-4.491,0.804,0.101,0.640109
90,-148.5,-2.9085,0.739,0.1187,0.636909
91,-113.5,-0.1095,0.811,0.1023,0.633724
92,-74.5,-1.32,0.822,0.087,0.630556
93,-66.0,-2.3895,0.79,0.0885,0.627403
94,-176.5,-2.5995,0.816,0.1252,0.624266
95,-72.5,-1.0575,0.791,0.0868,0.621145
96,-105.5,-2.1825,0.825,0.0953,0.618039
97,-42.0,0.6075,0.869,0.0763,0.614949
98,-138.0,-2.628,0.764,0.1078,0.611874
99,-93.5,0.18,0.813,0.1042,0.608815
100,-141.5,-1.1985,0.812,0.1197,0.60577
101,-105.5,-1.3605,0.834,0.0947,0.602742
102,-89.0,-1.6305,0.829,0.0948,0.599728
103,-94.5,-0.453,0.836,0.11,0.596729
104,-76.0,-0.7305,0.859,0.0943,0.593746
105,-16.5,2.934,0.891,0.0745,0.590777
106,-68.0,-1.4175,0.846,0.0847,0.587823
107,-47.5,-1.056,0.836,0.0772,0.584884
108,-81.5,-0.852,0.824,0.089,0.581959
109,5.0,-0.828,0.85,0.0585,0.57905
110,-64.5,-2.217,0.799,0.084,0.576154
111,-67.5,-0.711,0.836,0.087,0.573274
112,-44.0,0.375,0.867,0.074,0.570407
113,-25.0,1.131,0.854,0.076,0.567555
114,-93.0,-1.476,0.809,0.093,0.564717
115,-87.5,-0.5895,0.806,0.0948,0.561894
116,-88.0,-1.4475,0.839,0.0948,0.559084
117,-96.5,-3.1605,0.833,0.089,0.556289
118,-35.5,-2.7165,0.854,0.0777,0.553508
119,-42.5,1.59,0.856,0.0782,0.55074
120,-16.0,-1.509,0.855,0.0643,0.547986
121,3.0,-1.8645,0.875,0.0648,0.545246
122,-57.5,0.159,0.853,0.0723,0.54252
123,-47.0,-2.3625,0.83,0.0828,0.539808
124,41.5,2.3625,0.912,0.0575,0.537108
125,-47.5,-0.132,0.858,0.0835,0.534423
126,-44.0,-0.5115,0.848,0.078,0.531751
127,-94.5,-0.9435,0.855,0.106,0.529092
128,-1.0,1.242,0.874,0.067,0.526447
129,-126.0,-2.502,0.801,0.105,0.523814
130,-73.0,-1.6785,0.822,0.0892,0.521195
131,-83.5,-3.972,0.806,0.0873,0.518589
132,-6.0,1.2615,0.855,0.0672,0.515996
133,-2.5,0.1125,0.854,0.0708,0.513416
134,-44.0,1.6455,0.861,0.079,0.510849
135,-70.0,0.147,0.875,0.0872,0.508295
136,-54.0,-1.1415,0.86,0.0842,0.505754
137,-29.0,-0.291,0.886,0.0732,0.503225
138,-52.5,-1.926,0.831,0.088,0.500709
139,-98.0,-0.048,0.842,0.0977,0.498205
140,-36.5,-0.411,0.897,0.0735,0.495714
141,-10.5,3.003,0.911,0.075,0.493236
142,-11.5,-1.0425,0.853,0.07,0.490769
143,-44.5,-0.2145,0.81,0.0815,0.488316
144,-14.0,0.393,0.887,0.0665,0.485874
145,-50.5,-2.04,0.87,0.0775,0.483445
146,-44.0,0.2985,0.85,0.083,0.481027
147,7.5,0.738,0.879,0.063,0.478622
148,-51.5,-1.02,0.841,0.0798,0.476229
149,-4.5,-1.455,0.849,0.0697,0.473848
150,49.0,1.245,0.885,0.0477,0.471479
151,63.0,1.119,0.929,0.0455,0.469121
152,-42.0,-0.399,0.876,0.0767,0.466776
153,58.0,3.534,0.933,0.0603,0.464442
154,-48.0,-0.4275,0.82,0.0783,0.46212
155,4.0,-0.6165,0.876,0.0678,0.459809
156,38.5,1.7715,0.899,0.0542,0.45751
157,-6.0,1.434,0.858,0.0725,0.455222
158,15.0,1.7205,0.875,0.0633,0.452946
159,31.0,2.484,0.912,0.0535,0.450682
160,24.0,1.257,0.912,0.0607,0.448428
161,-19.0,0.1005,0.826,0.07,0.446186
162,4.5,-1.4895,0.866,0.059,0.443955
163,-26.0,-1.098,0.8,0.0752,0.441735
164,-3.0,-1.3215,0.86,0.0615,0.439527
165,50.0,1.557,0.899,0.0518,0.437329
166,27.5,-0.1875,0.846,0.0542,0.435142
167,-21.0,0.003,0.869,0.0703,0.432967
168,44.5,0.6255,0.91,0.0483,0.430802
169,28.5,0.5535,0.868,0.053,0.428648
170,32.5,0.3105,0.888,0.0488,0.426505
171,34.0,-0.2565,0.89,0.0545,0.424372
172,44.5,-0.2415,0.934,0.0508,0.42225
173,-16.5,-2.154,0.864,0.0658,0.420139
174,68.0,0.531,0.95,0.0385,0.418038
175,35.0,2.427,0.888,0.051,0.415948
176,63.5,2.5935,0.896,0.0502,0.413868
177,-24.0,-0.948,0.82,0.0718,0.411799
178,71.0,2.9055,0.923,0.0455,0.40974
179,20.5,0.417,0.874,0.0578,0.407691
180,-32.5,1.47,0.884,0.08,0.405653
181,14.5,0.705,0.919,0.0605,0.403625
182,32.5,1.0305,0.895,0.0518,0.401606
183,0.5,0.2895,0.867,0.0665,0.399598
184,-56.5,0.0705,0.841,0.092,0.3976
185,27.0,0.6045,0.916,0.0563,0.395612
186,-36.5,0.057,0.849,0.0742,0.393634
187,25.0,-0.225,0.866,0.0527,0.391666
188,-3.0,0.2865,0.862,0.071,0.389708
189,30.0,0.759,0.864,0.059,0.387759
190,29.5,1.5255,0.945,0.0555,0.385821
191,13.5,0.672,0.873,0.063,0.383891
192,75.0,3.5685,0.944,0.0528,0.381972
193,46.0,2.4405,0.888,0.0497,0.380062
194,5.0,-1.5135,0.882,0.058,0.378162
195,43.5,-1.602,0.867,0.0483,0.376271
196,68.5,0.5295,0.918,0.041,0.37439
197,44.0,-0.93,0.897,0.0472,0.372518
198,62.0,2.7045,0.919,0.038,0.370655
199,14.5,1.9755,0.897,0.065,0.368802
200,21.0,-0.357,0.901,0.0643,0.366958
201,36.0,-0.279,0.918,0.0508,0.365123
202,37.5,2.3865,0.869,0.0652,0.363297
203,54.0,2.8395,0.895,0.0485,0.361481
204,-15.5,0.6765,0.874,0.0663,0.359674
205,45.5,1.9815,0.921,0.0512,0.357875
206,92.5,3.276,0.905,0.035,0.356086
207,77.0,1.9605,0.921,0.0422,0.354305
208,65.5,2.556,0.913,0.0437,0.352534
209,32.0,0.252,0.869,0.0515,0.350771
210,-3.0,-0.1605,0.9,0.0717,0.349017
211,31.5,4.0335,0.913,0.0595,0.347272
212,37.0,0.969,0.897,0.055,0.345536
213,107.5,5.604,0.937,0.039,0.343808
214,-4.5,-1.314,0.874,0.0658,0.342089
215,65.0,3.552,0.913,0.0527,0.340379
216,85.5,0.6345,0.921,0.035,0.338677
217,69.5,1.2135,0.915,0.0495,0.336983
218,81.0,2.9625,0.89,0.045,0.335298
219,60.5,1.278,0.882,0.0495,0.333622
220,25.5,2.157,0.867,0.0655,0.331954
221,82.0,2.871,0.919,0.0408,0.330294
222,76.5,1.554,0.893,0.0393,0.328643
223,129.5,5.8455,0.95,0.0322,0.326999
224,66.5,1.596,0.877,0.0503,0.325364
225,34.5,1.9545,0.899,0.0532,0.323738
226,71.5,3.012,0.933,0.0403,0.322119
227,69.5,2.172,0.882,0.0448,0.320508
228,54.5,1.731,0.92,0.0517,0.318906
229,30.5,2.7045,0.884,0.057,0.317311
230,83.5,4.107,0.899,0.0445,0.315725
231,57.0,2.271,0.897,0.0472,0.314146
232,87.0,4.593,0.912,0.0437,0.312575
233,65.0,-0.831,0.912,0.0418,0.311012
234,50.5,2.9925,0.885,0.0532,0.309457
235,38.0,-1.011,0.89,0.0505,0.30791
236,81.5,1.8675,0.943,0.0398,0.306371
237,115.5,0.4755,0.921,0.0345,0.304839
238,60.0,2.6175,0.946,0.0478,0.303315
239,92.5,1.53,0.915,0.042,0.301798
240,80.0,1.0365,0.894,0.0413,0.300289
241,79.5,3.117,0.932,0.0492,0.298788
242,98.0,2.8335,0.923,0.0397,0.297294
243,74.0,1.764,0.899,0.0382,0.295807
244,94.0,3.921,0.952,0.0407,0.294328
245,40.0,-0.609,0.887,0.044,0.292856
246,93.5,0.5955,0.896,0.0382,0.291392
247,94.5,1.7385,0.946,0.0368,0.289935
248,63.5,1.326,0.912,0.0495,0.288486
249,94.5,2.586,0.924,0.0408,0.287043
250,54.5,3.9675,0.908,0.043,0.285608
251,114.5,0.195,0.913,0.0328,0.28418
252,63.0,2.424,0.909,0.0425,0.282759
253,63.0,1.6695,0.92,0.04,0.281345
254,138.5,6.0135,0.955,0.0362,0.279938
255,3.0,0.4725,0.84,0.0603,0.278539
256,27.5,2.9535,0.877,0.0583,0.277146
257,37.0,2.7,0.929,0.0528,0.27576
258,130.0,1.8255,0.94,0.0288,0.274382
259,110.5,1.434,0.924,0.0325,0.27301
260,64.0,1.065,0.906,0.0505,0.271645
261,114.5,-0.2535,0.925,0.0233,0.270286
262,95.0,2.4705,0.945,0.043,0.268935
263,125.0,2.5035,0.931,0.0352,0.26759
264,114.5,2.3145,0.91,0.027,0.266252
265,83.5,4.0185,0.914,0.0492,0.264921
266,133.5,2.7765,0.947,0.029,0.263596
267,80.0,-0.438,0.898,0.0335,0.262278
268,106.0,2.61,0.914,0.032,0.260967
269,98.5,1.248,0.915,0.0332,0.259662
270,37.0,0.6255,0.909,0.0547,0.258364
271,100.0,2.7855,0.908,0.0433,0.257072
272,52.5,3.297,0.959,0.0475,0.255787
273,45.0,1.371,0.904,0.0462,0.254508
274,103.5,1.974,0.952,0.0472,0.253235
275,40.5,3.51,0.896,0.064,0.251969
276,85.5,1.2735,0.907,0.0397,0.250709
277,80.5,2.9265,0.929,0.0417,0.249456
278,109.0,1.443,0.934,0.027,0.248208
279,106.5,1.575,0.951,0.03,0.246967
280,135.0,3.213,0.945,0.0258,0.245733
281,119.5,0.3615,0.901,0.0295,0.244504
282,131.0,2.8215,0.965,0.0257,0.243281
283,142.0,2.6445,0.957,0.0185,0.242065
284,103.0,2.9235,0.918,0.0288,0.240855
285,79.5,2.721,0.939,0.0413,0.23965
286,146.0,5.7315,0.955,0.035,0.238452
287,178.0,4.941,0.965,0.017,0.23726
288,102.0,3.249,0.918,0.0437,0.236074
289,115.5,2.838,0.919,0.03,0.234893
290,166.5,2.562,0.948,0.017,0.233719
291,112.0,2.181,0.909,0.0328,0.23255
292,75.5,0.2415,0.918,0.0428,0.231387
293,119.5,3.5715,0.934,0.0367,0.23023
294,118.0,-0.579,0.914,0.0285,0.229079
295,101.5,0.6555,0.909,0.038,0.227934
296,126.0,4.041,0.938,0.0355,0.226794
297,180.5,8.022,0.964,0.0272,0.22566
298,90.0,2.0805,0.892,0.0358,0.224532
299,96.5,2.7435,0.897,0.039,0.223409
300,126.5,4.77,0.96,0.0258,0.222292
301,115.0,6.336,0.946,0.0472,0.221181
302,135.5,2.937,0.935,0.0308,0.220075
303,154.5,0.741,0.935,0.016,0.218974
304,87.5,1.02,0.918,0.042,0.21788
305,101.5,2.6685,0.93,0.0408,0.21679
306,156.0,6.012,0.955,0.0328,0.215706
307,148.5,1.5765,0.954,0.0218,0.214628
308,119.5,-0.1395,0.949,0.0272,0.213555
309,109.5,3.402,0.956,0.032,0.212487
310,160.0,7.02,0.95,0.019,0.211424
311,147.5,1.6005,0.937,0.0213,0.210367
312,106.5,2.4195,0.941,0.0315,0.209315
313,111.0,2.304,0.932,0.0325,0.208269
314,121.0,2.187,0.93,0.0272,0.207227
315,92.5,1.5225,0.928,0.0323,0.206191
316,127.0,2.64,0.929,0.0255,0.20516
317,135.0,1.698,0.937,0.0185,0.204135
318,85.5,0.8985,0.957,0.0355,0.203114
319,56.0,-0.1335,0.896,0.046,0.202098
320,136.0,5.6265,0.973,0.0272,0.201088
321,102.5,4.221,0.934,0.0422,0.200082
322,107.0,3.396,0.925,0.0355,0.199082
323,111.0,4.7115,0.934,0.0413,0.198087
324,61.5,0.795,0.916,0.0468,0.197096
325,125.0,2.814,0.927,0.0245,0.196111
326,134.0,7.326,0.946,0.0415,0.19513
327,87.5,3.699,0.929,0.0423,0.194154
328,151.5,2.8425,0.951,0.0223,0.193184
329,45.5,1.2765,0.933,0.0505,0.192218
330,103.5,3.3015,0.918,0.03,0.191257
331,123.5,3.732,0.955,0.0348,0.1903
332,104.5,2.0055,0.939,0.0305,0.189349
333,143.0,2.136,0.944,0.021,0.188402
334,92.0,-0.615,0.925,0.037,0.18746
335,100.5,-0.3165,0.906,0.034,0.186523
336,115.5,2.9595,0.916,0.035,0.18559
337,77.0,3.105,0.914,0.046,0.184662
338,79.5,3.6465,0.937,0.0375,0.183739
339,156.5,4.7145,0.984,0.0205,0.18282
340,159.5,5.811,0.959,0.0245,0.181906
341,164.5,6.0345,0.952,0.0177,0.180997
342,177.0,3.8415,0.956,0.0095,0.180092
343,97.5,0.8445,0.916,0.0355,0.179191
344,120.5,2.2935,0.943,0.0252,0.178295
345,95.0,0.4995,0.897,0.0318,0.177404
346,101.0,0.339,0.907,0.0375,0.176517
347,130.5,2.274,0.941,0.0233,0.175634
348,150.0,2.868,0.961,0.027,0.174756
349,141.0,3.282,0.942,0.0283,0.173882
350,135.0,1.644,0.93,0.024,0.173013
351,131.5,3.675,0.96,0.0228,0.172148
352,145.0,3.4335,0.957,0.0195,0.171287
353,118.0,5.0085,0.923,0.0407,0.170431
354,131.5,5.3715,0.967,0.0272,0.169578
355,129.0,2.3715,0.947,0.0233,0.168731
356,126.5,4.275,0.946,0.0293,0.167887
357,110.5,2.7915,0.932,0.0358,0.167047
358,130.5,3.9795,0.947,0.0312,0.166212
359,111.0,1.7295,0.925,0.0325,0.165381
360,121.5,4.911,0.935,0.0345,0.164554
361,87.5,2.9445,0.961,0.0352,0.163731
362,166.0,5.088,0.969,0.028,0.162913
363,154.0,4.347,0.958,0.0262,0.162098
364,155.0,3.6735,0.938,0.0187,0.161288
365,107.5,1.551,0.924,0.033,0.160481
366,129.0,1.7085,0.904,0.0275,0.159679
367,142.0,5.67,0.965,0.018,0.158881
368,200.5,6.075,0.97,0.0193,0.158086
369,175.5,3.198,0.948,0.0177,0.157296
370,177.5,2.892,0.948,0.0165,0.156509
371,112.5,2.6895,0.894,0.0345,0.155727
372,102.5,0.4125,0.94,0.0318,0.154948
373,164.0,5.6745,0.96,0.0205,0.154173
374,118.5,2.9535,0.931,0.0377,0.153402
375,156.5,4.293,0.948,0.0238,0.152635
376,120.5,2.679,0.938,0.0338,0.151872
377,169.5,3.5295,0.944,0.019,0.151113
378,183.5,4.716,0.964,0.014,0.150357
379,128.0,3.4455,0.95,0.0233,0.149606
380,189.5,2.9175,0.967,0.0187,0.148857
381,181.0,4.1805,0.963,0.0152,0.148113
382,136.0,2.0505,0.943,0.0185,0.147373
383,115.5,3.423,0.93,0.0325,0.146636
384,131.5,2.814,0.924,0.0228,0.145903
385,133.0,2.0295,0.946,0.0262,0.145173
386,140.5,4.743,0.942,0.0315,0.144447
387,157.0,3.384,0.97,0.0155,0.143725
388,171.0,4.035,0.964,0.015,0.143006
389,162.5,2.571,0.974,0.0102,0.142291
390,164.0,4.068,0.957,0.0218,0.14158
391,190.0,5.6925,0.969,0.012,0.140872
392,146.0,0.813,0.943,0.0195,0.140168
393,196.5,3.1635,0.953,0.0138,0.139467
394,141.5,2.4465,0.948,0.0223,0.138769
395,185.0,5.2095,0.979,0.016,0.138076
396,150.0,0.7995,0.964,0.015,0.137385
397,170.0,2.94,0.953,0.0142,0.136698
398,152.5,4.4715,0.963,0.0192,0.136015
399,145.0,6.294,0.981,0.0235,0.135335
400,148.0,4.362,0.956,0.0135,0.134658
401,145.5,1.8105,0.956,0.0198,0.133985
402,162.5,5.3025,0.971,0.0195,0.133315
403,192.0,3.696,0.971,0.0135,0.132648
404,169.5,4.0425,0.975,0.0132,0.131985
405,149.0,2.238,0.94,0.0155,0.131325
406,126.0,1.5765,0.961,0.0262,0.130668
407,154.5,2.8695,0.931,0.0192,0.130015
408,124.5,1.35,0.937,0.026,0.129365
409,174.0,1.551,0.966,0.016,0.128718
410,165.5,2.787,0.954,0.0203,0.128075
411,127.5,0.8595,0.914,0.0285,0.127434
412,169.0,3.3975,0.957,0.0135,0.126797
413,190.0,2.7375,0.974,0.011,0.126163
414,156.5,4.7205,0.96,0.0135,0.125532
415,100.0,2.856,0.961,0.0278,0.124905
416,165.0,3.186,0.945,0.0172,0.12428
417,220.0,5.0205,0.989,0.0035,0.123659
418,177.0,2.8395,0.933,0.0135,0.12304
419,146.0,5.9625,0.957,0.0225,0.122425
420,197.5,5.451,0.968,0.01,0.121813
421,146.0,5.337,0.946,0.023,0.121204
422,152.0,3.72,0.971,0.017,0.120598
423,140.5,2.9685,0.946,0.0223,0.119995
424,185.0,5.2245,0.975,0.01,0.119395
425,177.0,7.2135,0.946,0.0198,0.118798
426,121.0,3.3405,0.959,0.0278,0.118204
427,89.5,3.1965,0.921,0.0385,0.117613
428,168.0,2.352,0.939,0.0158,0.117025
429,164.5,4.611,0.98,0.0112,0.11644
430,183.0,4.1115,0.969,0.014,0.115858
431,160.5,3.834,0.955,0.017,0.115278
432,207.0,5.8815,0.984,0.0077,0.114702
433,181.0,5.22,0.972,0.0163,0.114128
434,192.0,2.118,0.982,0.0127,0.113558
435,182.5,4.404,0.961,0.012,0.11299
436,184.0,2.421,0.959,0.0122,0.112425
437,161.0,4.08,0.955,0.0245,0.111863
438,214.0,5.3025,0.983,0.0105,0.111304
439,170.0,3.3735,0.968,0.0138,0.110747
440,156.0,4.5585,0.964,0.0195,0.110193
441,137.5,5.025,0.928,0.0302,0.109642
442,139.5,2.8395,0.929,0.0252,0.109094
443,188.5,5.4825,0.993,0.0112,0.108549
444,164.0,2.3865,0.978,0.012,0.108006
445,215.0,6.5865,0.979,0.0055,0.107466
446,192.0,5.6835,0.977,0.0123,0.106929
447,143.5,5.268,0.94,0.0163,0.106394
448,135.5,4.197,0.962,0.0225,0.105862
449,184.5,1.3125,0.961,0.0085,0.105333
450,185.5,5.436,0.984,0.0123,0.104806
451,221.0,7.965,0.982,0.0095,0.104282
452,208.5,2.3025,0.973,0.0077,0.103761
453,131.5,4.3755,0.958,0.029,0.103242
454,132.5,2.6865,0.958,0.0275,0.102726
455,154.0,7.4505,0.964,0.0242,0.102212
456,191.5,5.0625,0.959,0.0102,0.101701
457,118.0,2.172,0.966,0.0252,0.101192
458,176.0,2.8155,0.975,0.0207,0.100686
459,160.5,2.196,0.968,0.0075,0.100183
460,182.0,5.052,0.974,0.0158,0.099682
461,177.0,6.6615,0.963,0.0198,0.099184
462,178.0,4.071,0.969,0.0127,0.098688
463,170.5,2.5635,0.954,0.0182,0.098194
464,221.5,5.121,0.985,0.0043,0.097703
465,174.0,3.8115,0.984,0.0085,0.097215
466,180.5,3.7185,0.972,0.0142,0.096729
467,192.0,3.168,0.975,0.015,0.096245
468,159.0,5.475,0.986,0.0185,0.095764
469,182.0,5.1105,0.969,0.0098,0.095285
470,165.5,5.3325,0.971,0.0125,0.094809
471,163.5,2.469,0.968,0.0152,0.094335
472,167.5,3.1845,0.976,0.0105,0.093863
473,154.0,3.987,0.971,0.0132,0.093394
474,190.0,7.9335,0.97,0.0158,0.092927
475,147.5,3.4875,0.968,0.0075,0.092462
476,188.0,3.42,0.954,0.0195,0.092
477,160.5,2.379,0.959,0.0118,0.09154
478,203.0,6.3555,0.977,0.0093,0.091082
479,202.5,5.334,0.977,0.01,0.090627
480,215.5,6.606,0.985,0.011,0.090173
481,146.0,3.183,0.962,0.026,0.089723
482,207.0,4.7385,0.984,0.0075,0.089274
483,154.0,5.439,0.95,0.0185,0.088828
484,173.0,2.397,0.956,0.0203,0.088383
485,142.5,4.257,0.949,0.0272,0.087942
486,210.5,4.4685,0.976,0.0072,0.087502
487,205.0,5.8995,0.985,0.0043,0.087064
488,171.5,2.7705,0.966,0.0152,0.086629
489,180.5,4.764,0.96,0.0085,0.086196
490,215.5,5.742,0.983,0.0073,0.085765
491,219.5,3.3285,0.977,0.0053,0.085336
492,189.5,4.1385,0.969,0.0128,0.084909
493,193.0,2.832,0.97,0.005,0.084485
494,176.0,3.612,0.935,0.0213,0.084062
495,163.5,3.372,0.972,0.017,0.083642
496,160.0,2.8635,0.962,0.017,0.083224
497,159.0,4.164,0.966,0.0167,0.082808
498,171.0,4.98,0.972,0.0123,0.082394
499,171.5,3.8835,0.952,0.0165,0.081982
500,179.0,4.713,0.976,0.015,0.081572
